Accuracy,Sensitivity,Specificity,Precision,F1-score,MCC,AUC,AUPR
0.7879901960784313,0.7916666666666666,0.7843137254901961,0.7858880778588808,0.7887667887667887,0.57599596319246,0.8693411188004614,0.9025748106107129
